id,wallet_id,wallet_address,currency
159,219,0x594330bc5939dc8a4a9cc42c72b9cfd2747155cc33,bitcoin
160,219,0x826b3c6fdf18dd6e6a5c8a03c91a2b0341587fee32,bitcoin
161,220,0x23412c7f130d4a699fdd8cb1905d3f12dbdecb7c0e,bitcoin_testnet
162,220,0xabd25723c9e693aa867ff488718fa4b4f96e29d5ff,bitcoin_testnet
163,221,0x0d261b17000254981ca4991bf279d4169c4a2b28ea,bitcoin
164,221,0x95c6f22ea8821be6783960e1ae6b75e41da9e8d679,bitcoin
165,221,0xd3a716eb1be9c64433c4b5a775c3ba402283e7a831,bitcoin
166,221,0x4962130d59def258d2a9ad795f63a82ccc36fb93f6,bitcoin
167,221,0x17ee13e7a1bc0ff9d414402d15f5980935060ff043,bitcoin
168,221,0x9bea6a143b3103c6e4c81dd9bad8507348cee59330,bitcoin
169,221,0x9f3363052a9188f0a31ee5dabc32502b5c0927cba9,bitcoin
179,222,0x6329a36c4f60202c2d2c7901094fa05f21cb88a31b,bitcoin
180,224,0x959fc6855086355d64a2d89a17459ba954657580d4,bitcoin
181,224,0xd9d3c537109f4eb6de566e4da62116771d3390a444,bitcoin
83,172,0xe5149e4a5f1b51d6907e657ac5eedb8cad5886bbe7,ethereum_goerli
182,224,0x51a304fb0eefd39463642629e7dee071a5288ab341,bitcoin
183,214,0xa92cc2846acf7e5d0f17d2bacb9521f12d53f6d9b0,bitcoin
86,174,0xf8376992a9ecaab6a3d28b535720e6ebd3f753f41d,ethereum_goerli
87,175,0x5193edb6945a0a50f311d42f50e1dd40fb6b47403f,ethereum_goerli
184,215,0x4e0c5ce65bf437c28f848d95dbdeaef37ded69bf08,bitcoin
185,215,0x3d5e138e30eef083e3d62d66c8793218dec067453d,bitcoin
186,215,0x89f8eacff4130ed92b207f16cb57704472d6882594,bitcoin
187,215,0x137c802a586508112f4c00b1494aede6cdf984ac91,bitcoin
188,215,0xcda04dbcce63d9c907858687fd631fdbf3974040f0,bitcoin
189,215,0x70536deb8959a2b594d66d78c09dd9e24a3f9f09e9,bitcoin
190,215,0x00de7a997498b3c513315893a2456cd9d3ab8ce5f6,bitcoin
191,216,0xec449027368a8a3fa454f902bc6f6500f46c9d1c47,bitcoin
194,222,0x9a18b3bbe1904c42f7d5863749e644ea704728dd07,bitcoin
195,222,0x55b59a2185e4ba4db10b052e3424694e65b4a00bbb,bitcoin
196,222,0xa5fde5f8272648858b9c8dfc95f1d5669e1cebc673,bitcoin
197,222,0xd6d33aef2db0a48bf1b37206433592d9a5dbf2e207,bitcoin
198,222,0x1cc0ea5be15458e99b54e87abc379cf661957d64e9,bitcoin
199,222,0x75ed0bf935277b9d9d6cdea78039df1310c0a14a0b,bitcoin
200,222,0xb66b1351dd7d4cfc36a056aca2b6547eeb1e10ecdf,bitcoin
201,222,0xb56248f831c15a3b94168eb4f92fbf2121ab5fa572,bitcoin
202,224,0xc6d3553d42f7b6c6ca5e54a905f408d05725c9df37,bitcoin
203,224,0xae94d16779c8d77494eec3a71c4a3ebdae51631e0b,bitcoin
204,224,0x3a288e7df7a020524018cfedaef2075d5acecbb9bd,bitcoin
205,224,0xafe7e55188e490e06116f943cda905ce210df64394,bitcoin
206,224,0x773ce7ec589f39c58d4b8e09d6d8ff6c5414fed340,bitcoin
111,172,0x7a1231db2f1eb28fede80025cf814a034b0a240263,ethereum_goerli
112,175,0xcf185c714d81a0b93b2538adedcc3f35b607f2a08a,ethereum_goerli
207,224,0x713f9062a3eb038c3484818f03cfcb589216af9652,bitcoin
208,224,0xef0258c42c2904e0b96be09a0adb987be4f67afb3d,bitcoin
209,224,0xb29413b6299842c2c940950f22a933b337ced39270,bitcoin
210,224,0x9eb8605c83737e34d395326ed0ad4f0b34102b20b0,bitcoin
211,224,0x82a17a9ab8e7b8a4df894aefa7c16badabbb2ef7db,bitcoin
212,224,0x85eacf5d122db5ef9f301efb0edf82f0be1cbd601d,bitcoin
213,224,0x462a2b6a56142f3717088a0a20412368b532ff8028,bitcoin
214,224,0x6277cdf701de8e94c6380ec5b5106233a00f8d9b3c,bitcoin
215,224,0xf41bb7d08cadb6206eae68109712dc5309d9abb9b0,bitcoin
216,224,0xb3ead7b697a9c19443942c719e226536f9597b509e,bitcoin
217,224,0x8f316efe1a41dd492a89094fff3cd9f5c72bebd244,bitcoin
218,224,0x7633ba25aa261692325485eeb6456ec895d70435e1,bitcoin
219,224,0xd33595e251f07712bbd94d00e7272f935600ebaa2c,bitcoin
127,194,0xa6dd7e5efcf19557f00a440198f3e0068529614f28,ethereum
220,224,0x046be59e26a5a58882b3eb5d1a2cb70d7c2c6cba4d,bitcoin
221,225,0x428b346b96fdeb81b176d4ce0e73b9fc3699436d86,bitcoin
222,225,0xa5b059ef5a6b1efddacb14281c1cdbc2f8ef1aa5e2,bitcoin
224,221,0xaa13a8f68615963b3726b30990b0b56e00e7dba7cb,bitcoin
225,224,0xa7c7ec55abfd650e152eb68d6827f43842cf1796e8,bitcoin
226,212,0x54f7badcac88e076c3b64344aec784e0dfc468b97f,bitcoin
227,215,0xc2f51bcd5d2aa31a1ef6db0c9b34ec3824e23b7a0e,bitcoin
228,212,0x89e4f8e149f2cb046f3066da1859b82ecc2a5887e9,bitcoin
230,231,0xa6dd7e5efcf19557f00a440198f3e0068529614f28,ethereum_Erc20_USDC
149,174,0x5dc2e41d5527df8d330de9fe27f87a554454f87021,ethereum_goerli
